"id","name_en","name_ar","desc_en","desc_ar","category","unit","price","options","pack_en","pack_ar","image","tag","available","long_desc_en","long_desc_ar","image2","image3"
"c1","Whole Chicken","دجاج كامل","Fresh whole chicken, cleaned and ready to cook.","دجاج كامل طازج، منظف وجاهز للطبخ.","chicken","kg","24","900,1000,1200","","","chicken-whole.jpg","Best Seller","yes","","","",""
"c2","Chicken, Chopped – 4 pcs","دجاج مقطع – 4 قطع","Fresh chicken chopped into 4 pieces.","دجاج طازج مقطع إلى 4 قطع.","chicken","pack","28","1","4 pcs","4 قطع","chicken-chopped.jpg","","yes","","","",""
"c3","Fresh Chicken Boneless","دجاج طازج بدون عظم","Boneless, skinless chicken fillets.","فيليه دجاج طازج بدون عظم وجلد.","chicken","kg","38","1000,2000","","","chicken-boneless.jpg","Best Seller","yes","","","",""
"c4","Chicken Liver","كبدة دجاج","Fresh cleaned chicken liver.","كبدة دجاج طازجة ومنظفة.","chicken","kg","25","500","","","chicken-liver.jpg","","yes","","","",""
"m1","T-Bone Mutton Chops","ريش غنم تي بون","Tender T-bone cut chops.","قطع تي بون طرية من الغنم.","mutton","kg","105","500,1000","","","mutton-tbone.jpg","","yes","","","",""
"m2","Fresh Mutton","لحم غنم طازج","Fresh mutton, cut to order.","لحم غنم طازج يُقطع حسب الطلب.","mutton","kg","85","500,1000","","","mutton-fresh.jpg","Best Seller","yes","","","",""
"m3","Mutton Paya (Goat Trotters)","باية غنم (أكارع ماعز)","Cleaned goat trotters, sold by the piece.","أكارع ماعز منظفة، تُباع بالقطعة.","mutton","pc","8","12,24","","","paya-goat.jpg","","yes","","","",""
"m4","Asian Mutton","لحم غنم آسيوي","Asian mutton, fresh and lean.","لحم غنم آسيوي طازج وقليل الدهن.","mutton","kg","70","500,1000","","","mutton-asian.jpg","","yes","","","",""
"m5","Mutton Siri (Head Meat)","سري غنم (لحم الرأس)","Cleaned mutton head meat.","لحم رأس غنم منظف.","mutton","kg","45","500,1000","","","mutton-siri.jpg","","yes","","","",""
"m6","Goat Brain – 1 pc","مخ ماعز – قطعة","Fresh goat brain, 1 piece.","مخ ماعز طازج، قطعة واحدة.","mutton","pack","18","1","1 pc","قطعة","goat-brain.jpg","","yes","","","",""
"m7","Goat Kidney & Heart","كلاوي وقلب ماعز","Fresh goat kidney and heart.","كلاوي وقلب ماعز طازجة.","mutton","kg","40","500,1000","","","goat-kidney-heart.jpg","","yes","","","",""
"m8","Mutton Liver","كبدة غنم","Fresh mutton liver.","كبدة غنم طازجة.","mutton","kg","60","500","","","mutton-liver.jpg","","yes","","","",""
"b1","Fresh Beef","لحم بقري طازج","Fresh beef, cut to order.","لحم بقري طازج يُقطع حسب الطلب.","beef","kg","70","500,1000","","","beef-fresh.jpg","Best Seller","yes","","","",""
"b2","Fresh Minced Beef (Keema)","لحم بقري مفروم طازج (كيما)","Freshly minced beef.","لحم بقري مفروم طازج.","beef","kg","62","500,1000","","","beef-minced-fresh.jpg","","yes","","","",""
"b3","Frozen Minced Beef (Keema)","لحم بقري مفروم مجمد (كيما)","Frozen minced beef.","لحم بقري مفروم مجمد.","beef","kg","48","500,1000","","","beef-minced-frozen.jpg","Frozen","yes","","","",""
"b4","Frozen Beef","لحم بقري مجمد","Frozen beef, good value.","لحم بقري مجمد بسعر مناسب.","beef","kg","52","500,1000","","","beef-frozen.jpg","Frozen","yes","","","",""
"b5","Fresh Beef (Bone-In)","لحم بقري طازج بالعظم","Fresh bone-in beef for stews and soups.","لحم بقري طازج بالعظم للطبخ والشوربة.","beef","kg","60","500,1000","","","beef-bone-in.jpg","","yes","","","",""
"b6","Cow Paya (Trotters)","باية بقر","Cleaned cow trotters, sold by the piece.","أكارع بقر منظفة، تُباع بالقطعة.","beef","pc","7","12,24","","","paya-cow.jpg","","yes","","","",""
"b7","Beef Liver","كبدة بقر","Fresh beef liver.","كبدة بقر طازجة.","beef","kg","38","500","","","beef-liver.jpg","","yes","","","",""
"e1","Egg Crate – 30 Eggs","كرتون بيض – 30 بيضة","Fresh eggs, crate of 30.","بيض طازج، كرتون 30 بيضة.","eggs","pack","28","1","30 eggs","30 بيضة","eggs.jpg","","yes","","","",""
